<?xml version="1.0" encoding="UTF-8"?>
<!DOCTYPE mapper
  PUBLIC "-//mybatis.org//DTD Mapper 3.0//EN"
  "http://mybatis.org/dtd/mybatis-3-mapper.dtd">

<mapper namespace="java76.pms.dao.MemberDao">
	<sql id="select_inc">
		select email, pwd 
	</sql>
	
	<select id="selectList" resultType="member" parameterType="map">
		<include refid="select_inc"/> 
		from member
		order by email
	</select>

	<insert id="insert" parameterType="member">
		insert into member(email,pwd)
		values(#{email},sha1(#{password}))
	</insert>

	<delete id="delete" parameterType="string">
		delete from member where email=#{value}
	</delete>

	<update id="update" parameterType="member">
		update member set
		pwd=#{password} 
		where email=#{email}
	</update>
	
	<select id="selectOne" resultType="member" parameterType="string">
		<include refid="select_inc"/>
		from member
		where email=#{email}
	</select>
	
	<select id="selectOneByEmailPassword" resultType="member" parameterType="map">
		<include refid="select_inc"/>
		from member
		where email=#{email} and pwd=sha1(#{password})
	</select>
</mapper>





