<?xml version="1.0" encoding="UTF-8"?>
<beans xmlns="http://www.springframework.org/schema/beans"
    xmlns:xsi="http://www.w3.org/2001/XMLSchema-instance"
    xmlns:context="http://www.springframework.org/schema/context"
	xmlns:mvc="http://www.springframework.org/schema/mvc" 
    xsi:schemaLocation="http://www.springframework.org/schema/beans
        http://www.springframework.org/schema/beans/spring-beans.xsd
        http://www.springframework.org/schema/context
        http://www.springframework.org/schema/context/spring-context.xsd
		    http://www.springframework.org/schema/mvc
        http://www.springframework.org/schema/mvc/spring-mvc.xsd">
  
  <!-- 페이지 컨트롤러를 찾아 객체를 생성한다.
       단, DAO와 Service 관련 객체는 제외해야 한다. -->
  <context:component-scan base-package="java76.pms.controller"/>
  
  <!-- @RequestMapping 등 웹 관련 애노테이션을 처리할 객체를 등록한다. -->
	<mvc:annotation-driven/>
  
  <!-- 멀티파트 요청 파라미터를 처리할 객체 등록 -->
  <bean id="multipartResolver"
        class="org.springframework.web.multipart.commons.CommonsMultipartResolver">
    <property name="maxUploadSize" value="10000000"/>
  </bean>
  
  <bean class="org.springframework.web.servlet.view.ContentNegotiatingViewResolver">
    <property name="viewResolvers">
      <list>
        <bean class="org.springframework.web.servlet.view.BeanNameViewResolver"/>
        <bean class="org.springframework.web.servlet.view.InternalResourceViewResolver">
          <property name="viewClass" value="org.springframework.web.servlet.view.JstlView"/>
          <property name="prefix" value="/WEB-INF/jsp/"/>
          <property name="suffix" value=".jsp"/>
        </bean>
      </list>
    </property>
    <property name="defaultViews">
      <list>
        <bean class="org.springframework.web.servlet.view.json.MappingJackson2JsonView"/>
      </list>
    </property>
  </bean>  
  
  <!-- 인터셉터를 등록 -->
  <!--  
  <mvc:interceptors>
    <mvc:interceptor>
        <mvc:mapping path="/**"/>
        <bean class="java76.pms.interceptor.AuthInterceptor"/>
    </mvc:interceptor>
  </mvc:interceptors>
  -->
</beans>





